video_id,video_title,available,comment_count,view_count
bWWTk-pZX5g,8 fiction books you need to read📚(& that will keep you entertained during your quarantine),False,,
gyK9USvrvDQ,Top 10 BEST SELLING Books In History,True,1843.0,892783.0
GihybX7JyG4,(Full Audiobook)  This Book  Will Change Everything! (Amazing!),True,5173.0,10001630.0
4f2OCYaqLdE,I Read Every Book Joe from You Recommended,True,4410.0,3434211.0
imA5NPX4ucU,SUPER BIG BOOKHAUL aka *leo has a book buying problem *✨📚,True,62.0,11143.0
QgU1zoZJQDM,Rock Bottom Remainders support the Book Industry Charitable Foundation,True,39.0,46924.0
zAS1nXFqBM8,15 Books Steve Jobs Thought Everyone Should Read,True,418.0,377563.0
Dk9mcJtIuCs,15 Business Books Everyone Should Read,True,2794.0,2763853.0
THtKW5hy3u4,20 books to read in 2020,True,1483.0,519616.0
eTFy8RnUkoU,How Bill Gates reads books,True,5658.0,8110632.0
a47dqygseGo,15 Books Bill Gates Thinks Everyone Should Read,True,1227.0,1791675.0
6Gw5dK48MtI,"Why books are here to stay | Small Thing Big Idea, a TED series",True,347.0,403154.0
2pWCyUys6lM,15 Books JORDAN PETERSON Thinks Everyone Should Read,True,1360.0,1382662.0
v9TDLenqbzM,SAVE ONE DROP ONE: BOOK EDITION,True,531.0,74494.0
pNar3Dh9zDk,I read 721 books in 2018,True,54154.0,8680253.0
XuXhqIsb2sk,5 Books That Changed My Life,True,2802.0,1689171.0
wJdNrCeUdhc,Can You Name a Book? ANY Book???,True,27957.0,10569848.0
osqNn_9HdgU,World's Best Life Changing Book - By Sandeep Maheshwari | Hindi,True,11221.0,7472847.0
lviVCr1dK1o,How To Improve English By Reading Books - Speak Fluently in English in 30 days - Day 17,True,3955.0,10201017.0
8tKuviI68Ss,How I Read 100 Books a Year - 8 Tips for Reading More,True,2051.0,1780121.0
EcHXbIp1AEw,READ-A-THON READING VLOG: 3 Books & 700 Pages!,True,114.0,41442.0
dKAixirAIVk,9 Books Every Aspiring Millionaire Must Read,True,0.0,1393330.0
dv4zUPs2JQc,Favourite Books by Indian Authors || Best Indian Books to Read,True,667.0,268190.0
xeUWvnHXikQ,The best books to read that we should be reading - Jordan Peterson,False,,
8H9jTlrpl4s,11 Books for Beginners || Book Recommendations For All Types of People,True,2033.0,1501107.0
sm9pNiYpiDY,5 Powerful Lessons from Think and Grow Rich,True,1253.0,1384840.0
lIW5jBrrsS0,BOOKSTORES: How to Read More Books in the Golden Age of Content,True,11913.0,6089504.0
K5oyGK7YCBk,5 Books You Must Read If You Hate Reading | Life Changing Books | ChetChat | Chetna Vasishth,True,998.0,935653.0
dIrrROL2pRE,5 Books You Must Read! Gaur Gopal Das,True,1969.0,5113705.0
lb8jeSp77dY,My Book Recommendations & Collection | Ranveer Allahbadia Livestream 11,True,1299.0,696281.0
JNib3HUCg2M,15 Best Books to Get Rich,True,1131.0,304795.0
ll2C2J6Q3SY,How To Read a Book a Week | Jim Kwik,True,992.0,8734635.0
u7OAMv-XfKs,MAKING CHILDREN'S BOOKS | an easy tutorial | Part One,True,67.0,14996.0
-f0NzGe6AqM,Earn Money Online from Books | घर बैठे कमाओ किताबों से | by Him eesh Madaan,True,3559.0,1233078.0
OeZAn0GcUow,I Read A Book A Week (Here's What Happened),True,2296.0,1071714.0
pm8oXab3zSk,How to Read More Books (And How Not to),True,1787.0,480966.0
6Zu6cw5UjSg,"7 Books You Must Read If You Want More Success, Happiness and Peace",True,1895.0,2848682.0
4AW54-7UUE0,Recommending Books For Every Genre I Read [CC],True,426.0,202623.0
fhbZT0Dpipc,5 Books YOU SHOULD READ THIS YEAR For Self Improvement,True,566.0,625014.0
69z122eUdDc,"Mann (1999) (HD & Eng Subs) - Aamir Khan, Manisha Koirala, Anil Kapoor- Hit Bollywood Romantic Movie",True,8836.0,48086053.0
SJaY_kiXBzY,DIY - How To Make Excavator Transport with Magnetic Balls (Satisfying) | Magnetic Man 4K,True,1174.0,39868028.0
ZkIIAiqDGJ0,"Mann Jukebox - Full Album Songs | Aamir, Manisha, Sanjeev Darshan",True,4718.0,25113303.0
AqAJLh9wuZ0,Taylor Swift - The Man (Official Video),True,113465.0,116516336.0
dANdTnL7GxE,Logic - Man I Is (Official Audio),True,2677.0,5363483.0
RHZhi0a-CPQ,Child's Play - Richard Ayoade's Gadget Man: The FULL Episodes | Gadget Man S2 Episode 3,False,,
LdHzeCYnuC0,GTA 5 Epic Ragdolls | Spider-Man ep.52 (Euphoria Physics),False,,
pECuHYLnLyo,GTA 5 Spider-Man Ragdolls 48,True,2453.0,83387470.0
j8w7DzNgShg,"Mann (HD & Eng Subs)Hindi Full Movie - Aamir Khan, Manisha Koirala, Anil Kapoor - 90's Romantic Film",True,47462.0,195162573.0
uyM6Wyg0xPg,Old Man Strength At Muscle Beach,True,14166.0,106655544.0
DaFRheiGED0,MAN 2020,True,14882.0,16034527.0
54IYi9JRPV4,SPIDER-MAN BATTLE! (FULL FIGHT) | FFH vs. SPIDER-VERSE vs. IRON SPIDER vs. RAIMI & MORE!,True,7224.0,77426971.0
ia1iuXbEaYQ,Selena Gomez - Rare (Official Music Video),True,103476.0,117594604.0
mggVxZj5HTs,"How ""SPIDER-MAN 2"" Should Have Ended - Cartoon",True,8191.0,5988602.0
A870mS0bN-E,SPIDER-MAN vs Captain America vs Iron Man (Part 2/3),True,12830.0,208122040.0
YJMZ9rCdGZk,Leicester vs Man United🔥Ian Wright Match Prediction Finish in The Top 3 & review,False,,
6R2USoz__Mk,Man Tries to Cartwheel out of Police Custody || ViralHog,True,94.0,47217.0
wFeoLnr8Pn0,"Bharatpur royal Raja Man Singh Death Case explained, Significance of Mathura Court's Judgement #UPSC",True,29.0,117840.0
LhZyHIZpzoM,"Person, Woman, Man, Camera, TV: The Movie",True,2305.0,1305899.0
yRhRZB-nqOU,Spider-Man 2 - Stopping the Train Scene (7/10) | Movieclips,True,28113.0,115544236.0
KF4hH8wUXWw,BIG HULK VS SPIDERMAN - THE INCREDIBLE HULK VS SPIDER-MAN (2002),True,19416.0,423990652.0
iaWr41rDkm0,A man and his silent treatment!,True,5296.0,764308.0
IBV_loY5Kc0,TEAM IRONMAN VS TEAM SPIDER-MAN | Running Challenge #4 (Funny Contest) - GTA V Mods,True,0.0,42828686.0
ejKvwawO0uA,"Trump Proves His Cognitive Abilities With Five Magical Words: Person, Woman, Man, Camera, TV",True,7945.0,3351570.0
WfGMYdalClU,MAN,True,120475.0,71421606.0
tbEekLA7J3Y,Taylor Swift - The Man (Lyric Video),True,19966.0,36192688.0
j8oaaP68i4s,How to person woman man camera tv,True,8257.0,5386403.0
oWATWGigIWM,Khushiyan Aur Gham | Mann (1999) | Aamir Khan | Manisha Koirala | Sad Song,True,4591.0,26727172.0
D61XWb1jSQU,Person Woman Man Camera TV -- Trump PROUD that he aced that five-word cognitive test,False,,
3IIBVnn4eTM,마마무 (Mamamoo) - Piano Man MV,True,6584.0,19257189.0
9jpsuaZlIss,चाहा है तुझको | Mann (1999) | Udit Narayan & Anuradha Paudwal | Romantic Sad Song |Best of 90s Songs,True,21119.0,123394163.0
pCkLHDt9s1M,विशाल मनुष्य Giant Man Funny Comedy Story हिंदी कहानिय Hindi Kahaniya Comedy Video,False,,
jKCj3XuPG8M,BAD BOYS FOR LIFE - Official Trailer,True,6365.0,18688087.0
aBt8fN7mJNg,Backstreet Boys - Show Me The Meaning Of Being Lonely (Official Video),True,73240.0,359703388.0
Z_4ULKpkLNc,ZZ Top - Rough Boy (Official Music Video),True,6833.0,26079014.0
LVFZx-lJsL0,'BOY STORY Official Weibo' 1 million subscribers !! Special Video !!,True,1439.0,270644.0
6pA_Tou-DPI,Girls' Generation 소녀시대 'The Boys' MV (KOR Ver.),True,275714.0,323844601.0
0Gl2QnHNpkA,Backstreet Boys - As Long As You Love Me (Official HD Video),True,88905.0,738060614.0
eYwbGaSurCQ,STORMZY - OWN IT (feat. ED SHEERAN & BURNA BOY),True,20664.0,129101299.0
4fndeDfaWCg,Backstreet Boys - I Want It That Way (Official HD Video),True,332758.0,1794453597.0
-wv0yyoGYLI,"Full Video: Bad Boy | Saaho | Prabhas, Jacqueline Fernandez | Badshah, Neeti Mohan",True,10809.0,96006407.0
5g0Zn4AzPmw,Grand Masti | Taantra Boy | Birbal Musafir | Rajeev Negi | CL Chauhan |Himalayan Boys,True,467.0,954320.0
iILJvqrAQ_w,Charlie Puth - BOY [Official Audio],True,8912.0,33811103.0
l9PxOanFjxQ,"Fall Out Boy - Immortals (From ""Big Hero 6"")",True,102482.0,344463496.0
_90JjgZo9Ts,A girl and boy what they play like this?,False,,
XsX3ATc3FbA,BTS (방탄소년단) '작은 것들을 위한 시 (Boy With Luv) (feat. Halsey)' Official MV,True,6448794.0,1955500267.0
H5hngjI3Oqs,Vir the robot boy vs little singham fight /vir the robo boy death by little singham? Vir new episode,False,,
foXqdLnWtmg,Summer Morning Routine! *POPULAR GIRL vs NERDY BOY*,True,8482.0,8966422.0
ZnvnUEzScj4,Primitive Boy Saves Komodo Dragon From Python Attack - Most Amazing Wild Animal Attack,False,,
2r9UuF9yWwQ,"Vir the robot boy, unlimited action to Action episode, new shiva robo boy episode",False,,
65vg74PXUBQ,Most Watch New Villege Boy Comedy Video 2019 | Episode 32 | #MahaFunTv,False,,
mPRy1B4t5YA,Charli XCX - Boys [Official Video],True,145947.0,149941860.0
eJSik6ejkr0,"Naughty Boy - Runnin' (Lose It All) ft. Beyoncé, Arrow Benjamin",True,43155.0,502333147.0
4-QMpR1L6XM,Unlock! Escape Attitude Boy,True,403.0,135426.0
6M6samPEMpM,Backstreet Boys - Everybody (Backstreet's Back) (Official HD Video),True,110499.0,666391542.0
3O1_3zBUKM8,Naughty Boy - La la la ft. Sam Smith (Official Video),True,362178.0,1421943156.0
lPe09eE6Xio,Burna Boy - Ye [Official Music Video],True,30613.0,309159508.0
bkZEPgBqAu8,The Boys vs. The Whale | The Boys | Prime Video,True,2995.0,1793460.0
oq-sImFlgkU,New Top Funny Stupid Boys | Very Comedy Video 2019,True,296.0,3572160.0
QnG22TS9glo,A GIRL NEED SWEETY BABY BOY TO ENJOY,False,,
uDWvg1bEzp0,Boyfriend Answers Questions Girls Are Too Afraid To Ask | Korean German Couple,True,6567.0,2398864.0
aJOTlE1K90k,Maroon 5 - Girls Like You ft. Cardi B (Official Music Video),True,687481.0,4070944074.0
F57P9C4SAW4,Katy Perry - California Gurls (Official Music Video) ft. Snoop Dogg,True,174404.0,835761351.0
qGNnJF877dg,weekend getaway w the girls!,True,296.0,98035.0
9OgTLaedeVg,FUN Girls' Night On A BUDGET!,True,630.0,96250.0
bMZJ9QqsflM,Police Rescue 2 Girls Stuck In Chhindwara's Pench River Who Went In For A Selfie,True,76.0,16182.0
afKBOFONecE,FUNNY THINGS ONLY GIRLS UNDERSTAND || Girls' Struggles And Problems by 123 GO!,True,9559.0,31566379.0
z8jNKa6Nvzw,"[ENG SUB] My Girl 22 (Zhao Yiqin, Li Jiaqi) Dating a handsome but ""miserly"" CEO",True,2683.0,4583760.0
6kahnkJGiu0,COOL TRICKS AND HACKS YOU NEED TO TRY || Hacks For Smart Girls by 123 GO!,True,3497.0,7936401.0
MtlXssrc01M,Boy hands souvenir over to girl behind him,True,24234.0,22434041.0
0LcbrwwvNo8,Girls Problems with Long Legs and Short Legs / Short People vs Tall People Problems,False,,
3kZ2vL1GMWI,BEST RANDOM GIRLS SQUAD EVER - Joining Random Girls Squad Like A BOT - Jaguar Gaming PUBG Unbanned,True,219.0,111700.0
ZjuA_o6Jzyo,HAIM - Summer Girl,True,4928.0,13810649.0
-GGXQjmSytQ,Watch | MP Police Rescue Girls from River Who Went in for Selfie,True,5.0,28157.0
Hfwt7hqe52o,😍 Random Conqueror Girl Call me Noob and I challenge for Tdm Room 1vs3 | PUBGMOBILE | PART 6,True,8097.0,3483608.0
p4kVWCSzfK4,"David Guetta - Where Them Girls At ft. Nicki Minaj, Flo Rida (Official Video)",True,86132.0,411170338.0
ExJmET8boVw,"Rita Ora - Girls ft. Cardi B, Bebe Rexha & Charli XCX [Official Video]",True,42002.0,86970610.0
ZKxb0BJu2-I,Girls Like Girls - Juliantina,True,83.0,260083.0
KT6ReWCkE10,Girls Problems with Long Nails and Short Nails,True,5499.0,24548501.0
dFr0OzL1yWQ,Billie Eilish - all the good girls go to hell (Live From The American Music Awards/2019),True,36889.0,44648137.0
0t63oWosHA0,Pittsburgh Slim - Girls Kiss Girls,True,23848.0,147392185.0
4mlHvf6Jr9w,MLB | Girls Time,True,233.0,1906700.0
Y-fqWMaXb8A,"Tyga - Girls Have Fun (Official Video) ft. Rich The Kid, G-Eazy",True,19875.0,223762789.0
ejVktqDqzFs,"Does ""Hiccup Girl"" Jennifer Mee Deserve A Life Sentence!??",True,11008.0,1930876.0
cRJPvUlPVLc,🤬 Random GIRL GAMER Challenged this YouTuber and Made fun of Him in PUBG Mobile,True,4890.0,1085224.0
XJv7egX9FcQ,Periods Prank with girl | Funky Joker,False,,
kO6WzAvO1HQ,2 Best Smart Phones Under 20000 July 2020 | Tech Swami,True,182.0,32986.0
YF1sBlYZghg,"Cheapest IPhone X, Vivo, oppo, Mi, Oneplus, Samsung Smart Phones | Second hand mobile market | Delhi",True,2572.0,2069161.0
dUaTmh3aric,Stop buying expensive smart phones,True,2599.0,965559.0
W4NeW_9FQd0,Learn How to Operate Your 1st Android Smartphone | Tech Tak,True,204.0,318375.0
94GJhkmR1Xc,🔥🔥 Top 5 4G Smartphones only ₹ 3000,True,741.0,1680340.0
bw7nopG95Pw,Top Upcoming Smartphones - May 2020🔥🔥🔥,True,4940.0,792768.0
aeQnQ-vjtuY,Top 13 BEST Smartphones of 2020 (Mid Year).,True,9780.0,5853553.0
0sY0pTNDoWo,Top 5 Samsung Upcoming Smartphones - Sabse Saste Budget To Flagship Phones,True,384.0,78858.0
lFdEZPWTquU,"Top 6 Best Smartphones🔥 Under Rs 20,000 in India | Value For Money Phones💪",True,2881.0,375173.0
bLshNdVPGGc,"Top 6 Best BUDGET Smartphones📱 Under Rs.10,000 In India🔥 [JUNE 2020]",True,1546.0,261500.0
xbRFrsHyXY4,Top 5 Budget Smartphones 2020 - Under $500!,True,330.0,181555.0
eq1-rQ9wYI8,"TOP 5 UPCOMING PHONES under 20,000 in AUGUST 2020",True,418.0,73740.0
FXqoPVC72xs,I bought the cheapest smartphones on the planet.,True,15373.0,12944480.0
28HH-ufdeqc,Top 10+ Best Upcoming Smartphones Launches⚡⚡ August 2020 India 🔥🔥,True,399.0,141569.0
ccj9Bs_jNUY,Best Android Phones - Summer 2020,True,188.0,139702.0
M53_8laVluw,"Best Smartphones Under ₹15000⚡⚡⚡July 2020 | 90Hz vs Super Amoled | Samsung, Redmi, Poco, Realme",True,1217.0,144649.0
BPEP0HphcGs,Top Upcoming Smartphones - July 2020,True,163.0,33341.0
2jaHqwnbBN4,Top 5 BEST Smartphones of 2020.... So Far,True,1294.0,681385.0
qVILJPiGGDM,TOP 5 MOBILE PHONES UNDER 5000 BUDGET ⚡⚡⚡ 2019,True,1710.0,2723802.0
33Fl57fb7oY,Top 5 Best Smartphones Under ₹20000 Budget ⚡⚡⚡July 2020,True,6993.0,1779644.0
8ryF_Ro9dis,"Top Best Smartphones Under ₹15000 ⚡️ Samsung , Vivo , Redmi , Poco , Realme",True,2010.0,625337.0
CKwAEKGwj3U,#BoycottChina BEST NON-CHINESE SMARTPHONES to Buy in 2020 🔥 | Don't Buy Wrong Phone!,True,554.0,168433.0
0pss7E6IF_8,Top 20 BEST Smartphones of 2019.,True,6568.0,3155703.0
SLpnCzUW_6w,"Best Phones Under ₹ 30,000 (After 2020 GST Hike)",True,746.0,163781.0
y7WhxtTvfck,Top 5 Best Mobile Phones Under ₹15000 Budget ⚡⚡⚡ June 2020,True,10319.0,3452011.0
SBoMC80UaG0,TOP 6 BEST PHONES UNDER 20000 in July | Galti Mat Karna!  | GT Hindi,True,501.0,162880.0
4OnwUz-I2GI,Smartphone Awards 2019!,True,21924.0,7187479.0
CwpEJfvhaNc,"Top 10+ Upcoming Smartphone Launches in India August 2020 ""NON CHINESE""| Oneplus Ka Sasta 5G Kab?",True,1273.0,162395.0
N1hl2MINAQw,Best Budget Smartphones Under £300 (Summer 2020),True,536.0,292780.0
9nYHEb9LTM4,Top Upcoming Smartphones - June 2020🔥🔥🔥,True,9200.0,963198.0
BkCNQSqEKSA,Top 5 World Best Smartphones May 2020,True,250.0,717555.0
sUqrai5gkpw,Best Smartphones under 30000 in July 2020 | Best Flagship Mobiles under 30000,False,,
0-nqhBhdLs0,"Top 5 Best Flagship Phones Under 50,000 Budget ⚡⚡⚡ July 2020",True,2282.0,511109.0
7ym8Gg1UDWg,Top 5 Best Mobile Phones Under ₹10000 Budget ⚡⚡⚡ June 2020,True,4905.0,2363453.0
KhuDutYEbVA,Top Upcoming Smartphones August 2020🔥🔥🔥,True,102.0,45153.0
psDO1rPFQ1Y,How Smartphones Are Made in Factory,True,1965.0,8486859.0
agcxqXO0Dps,Top Upcoming Smartphones - July 2020🔥🔥🔥,True,9953.0,1210023.0
-6WD98IQQFA,Best Smart Phones 2020 | E Review,True,31.0,6833.0
9I1PlRwyVDw,"TOP 5 BEST MOBILE PHONES UNDER ₹15000 BUDGET 📱⚡️Ft. Samsung,  Vivo, Realme, Xiaomi , Honor",True,2412.0,653643.0
vin2CjR7viI,10 MOST UNUSUAL AND COOLEST SMARTPHONES,True,1585.0,9363264.0
Strjq-WZF7Y,Top Smartphones of 2020?  ft. MKBHD,True,3859.0,2318905.0
X3paOmcrTjQ,Data Science In 5 Minutes | Data Science For Beginners | What Is Data Science? | Simplilearn,True,1115.0,4519435.0
lP1hb4BFAWA,Step By Step Action Plan For Learning Data Science in 2020,True,418.0,249520.0
qcqT5SqE8BY,Data Science in Hindi,True,848.0,484237.0
Vsi2Wn6mAlc,Entry Level Data Science Jobs | Which Data Science Role to Choose & How to Build a Good Resume?,False,,
BgpIzWmcEhA,"How to become Data Scientist? Sexiest Job / Salary? Ft. Ex-Google, Facebook, Microsoft Engineer",True,236.0,101561.0
tBU65SsJG_8,How To Become A Data Scientist In India,True,297.0,286056.0
dM_MzB2sCQk,Data Scientist Salary: How much a data scientist earn,True,50.0,21414.0
355u2bDqB7c,Live-Discussing All Hyperparameter Tuning Techniques Data Science Machine Learning,True,72.0,88874.0
dYZJxhYjBE8,Real Talk with Instagram Data Scientist,True,23.0,939905.0
4OZip0cgOho,How I Would Learn Data Science (If I Had to Start Over),True,1964.0,1413535.0
iLcvvVXBSFo,HOW TO BECOME DATA SCIENTIST IN 2024- in Hindi| SALARY OF DATA SCIENTIST| Sangwans Studio|,True,4843.0,1288705.0
bM58Js0m-2A,What is data science In telugu-డేటా సైన్స్ అంటే ఏమిటి-9059868766 Artificial intelligence AI Demo,True,123.0,78958.0
csG_qfOTvxw,How To Learn Data Science Smartly?,True,1296.0,1715800.0
xC-c7E5PK0Y,What REALLY is Data Science? Told by a Data Scientist,True,3778.0,4148831.0
KdgQvgE3ji4,Data Science in 8 Minutes | Data Science for Beginners | What is Data Science? | Edureka,True,73.0,421428.0
qoxCynmob7I,IIT Madras Online B.Sc. Degree/Diploma in Programming and Data Science 🔥|| Without JEE,False,,
NXoN3-BZpsQ,My Path on Becoming a Data Scientist- Motivation,True,465.0,164740.0
Rr4i9l80Ecs,A day in the life of a data science student | EXAM WEEK (machine learning),True,220.0,92428.0
Dt89dX0c7Cw,Salary Of Data Scientist In India And US In 2020,True,329.0,175144.0
Vfo5le26IhY,Statistics for Data Science | Probability and Statistics | Statistics Tutorial | Ph.D. (Stanford),True,908.0,2198976.0
de7ZUb1fH3s,A Day in The Life of a Data Scientist 👨🏻‍💻| upGrad,True,639.0,2309974.0
FGjYeKSfLr4,Live- Data Science Virtual Interview By Krish And Sudhanshu-Part 1,True,154.0,98545.0
S8MmsBsGP-Q,Data Science & Artificial Intelligence Career Advice by Real-Life Data Scientists,False,,
-ETQ97mXXF0,Data Science Full Course - Learn Data Science in 10 Hours | Data Science For Beginners | Edureka,True,751.0,4649351.0
_uQrJ0TkZlc,Python Full Course for Beginners,True,63145.0,48781091.0
u2zsY-2uZiE,Data Science Course for Beginners (11 Hours Data Science Tutorial),True,512.0,1013458.0
GJaYfNiY4to,How to Learn Data Science in 2020 | Step By Step Action Plan for Learning Data Science | Edureka,True,17.0,48163.0
cVxELmATmOU,Data Science பற்றி ஒரு எளிய விளக்கம்,True,162.0,79739.0
ua-CiDNNj30,Learn Data Science Tutorial - Full Course for Beginners,True,1499.0,4521315.0
k2P_pHQDlp0,AI VS ML VS DL VS Data Science,True,1774.0,2979327.0
Vs_ko7lF71w,DATA SCIENCE என்றால்  என்ன? (Tamil),True,196.0,54048.0
edvg4eHi_Mw,Python for Data Science | Data Science with Python | Python for Data Analysis | 11 Hours Full Course,True,627.0,520234.0
iJUzouXg5kY,Demystifying Data Science | Mr.Asitang Mishra | TEDxOakLawn,True,88.0,162740.0
rfscVS0vtbw,Learn Python - Full Course for Beginners [Tutorial],True,46100.0,49181524.0
Scg59_McA8Q,Highest Paid Jobs of Future | Data Scientist Complete Detail Hindi | Courses | Salary | Degree's,False,,
XrOLiypGDCQ,How to become a data scientist for free? | Step by step approach to become data scientist,True,249.0,62329.0
im1Xkj9gU9s,Meet The 12-Year-Old Who Is Working As A Data Scientist In Hyderabad,True,1817.0,516694.0
XOgx6OyGF1Y,FREE Data Science Online Courses with FREE certificate,True,903.0,608293.0
Bi7f1JSSlh8,Most Research in Deep Learning is a Total Waste of Time - Jeremy Howard | AI Podcast Clips,True,297.0,262015.0
lXvPopmYJ5E,Best Books For Machine Learning 2020 | These Books Will Help You Learn Machine Learning |Simplilearn,True,9.0,9222.0
I74ymkoNTnw,🖥️ HOW TO GET STARTED WITH MACHINE LEARNING!,True,1421.0,903070.0
uOVhmOzX4VE,Machine Learning Course | Learn Machine Learning | Machine Learning Tutorial | Intellipaat,True,413.0,500516.0
czVeSFH4dWc,Sundar Pichai: How machine learning & deep learning improved technologies,True,10.0,54555.0
6Hm1pNqQxq0,Machine Learning Vs Artificial Intelligence? Same or Different?,True,2142.0,888228.0
63NTeLmDANo,What is machine learning and how to learn it ?,True,1110.0,1135348.0
HcqpanDadyQ,What is Machine Learning?,True,188.0,1078499.0
9f-GarcDY58,Machine Learning Full Course | Learn Machine Learning | Machine Learning Tutorial | Simplilearn,True,4617.0,1013172.0
OuPMVdski3E,Machine Learning in Hindi | Machine Learning Tutorial in Hindi | Python for Machine Learning | 2020,True,777.0,358469.0
aircAruvnKk,But what is a neural network? | Deep learning chapter 1,True,9237.0,24051837.0
fSytzGwwBVw,Machine Learning Fundamentals: Cross Validation,True,1727.0,1489230.0
i04Pfrb71vk,Difference between Classification and Regression - Georgia Tech - Machine Learning,True,35.0,173658.0
5cFUZ03Sbhc,Why Machine Learning is The Future? | Sundar Pichai Talks About Machine Learning,True,124.0,896743.0
hjh1ikznScg,Machine Learning Basics | What Is Machine Learning? | Introduction To Machine Learning | Edureka,True,33.0,141009.0
EIVyQThUrq8,Machine Learning? Teaching Computers!!! What is it?,True,620.0,225816.0
uoifG7TgF2k,How Did I Learn Machine Learning in 3 Months,True,586.0,341475.0
f_uwKZIAeM0,What is Machine Learning?,True,96.0,628949.0
k6lYkR0A6iI,How to start machine learning as a software engineer in 5 steps!,True,181.0,108021.0
GwIo3gDZCVQ,Machine Learning Full Course - Learn Machine Learning 10 Hours | Machine Learning Tutorial | Edureka,True,1342.0,3607686.0
VwVg9jCtqaU,Machine Learning Zero to Hero (Google I/O'19),True,820.0,1852494.0
LCvCLZc_XLc,Learning Machine Learning: Learning Deep Learning,True,5.0,514.0
vEBYLnHacQM,Machine Learning Books for Beginners,True,139.0,69113.0
cyLWtMSry58,Don't learn machine learning,True,438.0,234855.0
iahQOQZVdog,"Building a $5,000 Machine Learning Workstation with a NVIDIA TITAN RTX and RYZEN ThreadRipper",True,123.0,47465.0
9r2VVM4nfk8,Powered by TensorFlow: Air Cognizer predicts air quality with machine learning,True,203.0,87245.0
pHiMN_gy9mk,2020 Machine Learning Roadmap (87% valid for 2024),True,1110.0,1102486.0
RnFGwxJwx-0,Machine Learning with Python | Machine Learning Tutorial for Beginners | Machine Learning Tutorial,True,912.0,1400814.0
sDv4f4s2SB8,"Gradient Descent, Step-by-Step",True,3063.0,1840769.0
ukzFI9rgwfU,Machine Learning | What Is Machine Learning? | Introduction To Machine Learning | 2026 | Simplilearn,True,2228.0,5526668.0
K5YTQSCohbc,Doramon 4 Button Jumbo  Pencil Box With Calculator,True,3870.0,8708705.0
fhUfRIeRSZE,1950 Curta Calculator,True,1376.0,1810629.0
ISxpTXXZCqc,"how to use TAX+, TAX- on calculator in hindi",True,292.0,427417.0
2tL_0y_R1lE,Finding log and antilogarithm using simple calculator,True,686.0,904039.0
aEsXspkt4lk,[Complete]Build a Simple Calculator in Android Studio Part 2 for Beginners|[URDU|HINDI],True,11.0,1571.0
DagTKwy2FsA,How to Turn Off Calculator without Off Button (Manually),True,541.0,2253297.0
BAD-9SkknWo,YUNG CALCULATOR MOST TOXIC MOMENTS ( Funny Compilation ),False,,
3tm4aUZazDI,How to Calculate In and exponential by the help of Scientific Calculator,True,94.0,351927.0
DtISPzRn0fc,He's a Pirate - Pirates of the Caribbean Theme (Dual Calculator Cover),True,693.0,967288.0
1rNAIB0qjAQ,Calculator Awesome Tricks जिसे कोई नहीं जनता || By Technical Raghav,True,268.0,574611.0
e4PTvXtz4GM,Faster than a calculator | Arthur Benjamin | TEDxOxford,True,29488.0,24583672.0
x-Qw394_uRc,CALCULATE PERCENTAGE WITH ( + - × ÷ ) ON CALCULATOR IN HINDI,True,502.0,1697776.0
VLX59t9yUwY,Top Five Calculator Tips & Tricks for iPhone,True,88.0,242576.0
vUM7VnqWz5Q,How To Hide Apps And Videos | secret calculator hide app pro |  Android tricks,True,446.0,1049252.0
a2hMZPBqtog,Calculator me Photo Aur Video Kaise Hide kare || How to hide photos and Videos in Calculator,True,637.0,1509738.0
ZcmtlE4J-94,How to Check Percentage in Calculator | Percentage kaise nikale |find out Percentage from Calculator,True,789.0,2943047.0
3tkDfNuJS3A,How to recover photos from Calculator hide app - Hidex | Calculator lock app,True,2345.0,2176320.0
_KomtGXzT3o,CURTA Mechanical Calculator Demonstration,True,44.0,28729.0
AXPnz3iebkM,"2nd PLACE IN TRIO CUP 🥈 ($1,000) W/ ZexRow & Mackwood",True,68.0,13633.0
6_0-uEgEcI0,Disney Princess Password Diary and Hello Kitty Calculator Pencil Box,False,,
SYPUiDvObVA,Flipkart commission calculator,True,288.0,224831.0
xW5xMJ7T3QM,calculator app lock forgot  password. New Trick @VIP_Ronak_Singh,True,1945.0,392628.0
ndxUg-sG2BM,How to Check Percentage in Calculator: find out Percentage on Mobile calculator in Hindi,True,1341.0,4331242.0
FJliMTWEOfs,Lion Family Learn Numbers 🍒 the Math Contest vs Calculator | Cartoon for Kids,False,,
PAc5ToNhGNw,Date of birth kaise nikalte hai|Date of birth|age calculator trick|age kaise nikalte hai💥,True,6469.0,15637103.0
g2KsVwli6mY,"New Arena Calculator, made by Wystix, is being hosted on site! Use it to tune your arena team!",True,91.0,6834.0
NeZFiSTsc4A,"How To Use All Features In Calculator In Hindi (M+, M-, GT, MU, DISP Etc.)",False,,
kvymoFdjuHw,15 Year Old YAASHWIN SARAWANAN Is A HUMAN CALCULATOR! | Asia's Got Talent 2019 on AXN Asia,True,82646.0,83691908.0
lAEeQSh_3Wk,కాలిక్యులేటర్ శాతం లెక్కలు || HOW TO CALCULATE PERCENTAGE IN  CALCULATOR IN TELUGU,True,178.0,640292.0
tHZLXbRHcU0,11 bipartite Settlement Basic Pay calculations in details / 11 bipartite BP AND DA calculator,True,165.0,41396.0
oDA8j4sqzLE,कैलकुलेटर से हिसाब किताब कैसे करें {PART-1}|| Using Calculator || From Umeedo Ka Prabhat,True,50.0,14817.0
STkGAMU4xKE,how to calculate intrest % using calculator in telugu || how to calculate emi using calculator,True,144.0,278939.0
HtOvoKE_vT0,How to Calculate Percentage in Mobile - Mobile Phone Se Pratishat Kaise Nikalte Hai Maths Trick,True,1190.0,4464216.0
C2R2XAMlqrc,CASIO HR 100RC CALCULATOR,True,129.0,456367.0
PGTDuChxyPY,"how to use MRC, M+, M- on calculator in hindi",True,342.0,818413.0
Tm4f0lXPlgA,PRODUCT अगर  Rs 280/KG हैं तो  65 रुपये मे कितने ग्राम मिलेगा USING CALCULATOR IN HINDI,True,1483.0,3186951.0
4gDJBEyxiMQ,How to hide photos in Calculator | How to hide your SECRET FILES in CALCULATOR,True,314.0,668500.0
2xRErv9OT_s,How to find out Percentage from Calculator Easy Way,True,1060.0,4399466.0
4semdEFL4Gk,I'm The CEO Of The Charged Shotgun - 25 Kill Arena Win | Yung Calc,True,98.0,25895.0
OQ3zhkkEwRg,How to make calculator,False,,
bYYtAuwP_P8,calculator top15 secret tips and trick in hindi | by: hinditrickmasti,True,0.0,1003585.0
3Px3rp0oW1k,Best Laptops under 25000 in India | Laptops under 25000 in 2020 | laptops under 25k in July 2020,False,,
lAq51HO_o50,TOP 5 BEST LAPTOPS UNDER 30000 ⚡⚡⚡ Best Budget Laptops To Buy In 2019,True,1464.0,1764601.0
Z5Vvpn-awnY,"Top 5 BEST Laptops in 30,000 to 35,000 Budget⚡⚡⚡Laptops For Work From Home, Students & Professionals",True,4417.0,1911822.0
kOGGCGAb2d4,Most common fault on a Dead Laptop,True,2047.0,2621653.0
mciEZKSvva8,Broken smartphone to working laptop transformation,True,7372.0,5632191.0
RQ7n7Uebw6Y,Mi Notebook Horizon Edition After 30 days usage - important things to consider when buying laptop,True,531.0,254063.0
LMrP-uK_SAo,Why Macbooks are Expensive? Mac Vs Windows Laptops???,True,3953.0,1289521.0
zHtg-nAhDoE,The Best Laptops for 2020,True,376.0,585521.0
FfunUnpwX34,LAPTOP MARKET WHOLESALE/RETAIL | CHEAPEST LAPTOP MARKET IN DELHI | LAXMI NAGAR LAPTOP MARKET |,True,240.0,117835.0
WLP_L7Mgz6M,"Things you can make from old, dead laptops",True,11208.0,14415142.0
4V3uB12mRrU,"AMD Laptops - Faster, Longer Battery, and CHEAPER! - HP Envy x360 13"" Review",True,4003.0,1851324.0
jU9ad2C0EDI,"Asus Vivobook 14"" Ryzen 5 3500U Budget Mid-Range Laptop",True,2527.0,1143114.0
s-devXZPSyQ,Top 5 Budget Gaming Laptops 2020 - 2021,True,26.0,5414.0
xfGEW2AhgOU,10 Things You Should FIRST DO With Your New Smartphone ⚡⚡⚡How To Setup A New Mobile Phone,True,1536.0,1107669.0
Xz50kbJ0hXY,TOP 5 BEST LAPTOPS FOR STUDENTS⚡⚡ LATEST 2020 | Core i5 | Nvidia Graphics | Touchscreen | SSD |,True,923.0,557761.0
3xX997E42Ro,"Laptop Buying Gyan: i3 vs i5 vs i7, Integrated vs Dedicated GraphicsCard, DosVsWindows, HDD vs SSD ?",True,10759.0,7840623.0
vg-96Got_PA,Best Laptops for Students 2020,True,455.0,498341.0
k_GM1JA608Y,The World's Most Powerful Laptop!,True,20826.0,31936907.0
_jHeXEJseBk,Top 10 Best Student Laptops,True,406.0,651094.0
yxZQPcMTdJw,"TOP 5 BEST LAPTOPS UNDER 50000 ⚡⚡⚡ Best Budget Laptops For Creators, Gamers And Students",True,5122.0,2286191.0
JKAuJma-ulY,things to consider before buying a laptop ll in telugu ll by prasad ll,True,2336.0,1094814.0
MljYZi1IcWw,Budget Laptop with Amazing Specs - Avita Pura Ryzen 5,True,2466.0,712159.0
dxPhJ0wfp0g,Best Laptop for programming 2020,True,745.0,296487.0
-erBfpPiPZU,"Wholesale Price Laptop Market | Starting from ₹999/- | Apple,Lenovo,Hp,Dell,Asus | Prateek kumar",True,6900.0,2767367.0
sJK67XXE_Rg,Is There A New Best Laptop 2019?,True,3330.0,3898683.0
eaR3DhAqkKs,TOP 5 BEST LAPTOPS UNDER 50000 ⚡⚡⚡ Best Budget Laptops For Students And Professionals,True,2054.0,775361.0
s9jS1c4H5lk,"Desktop vs Laptop Gaming Performance, How Far Behind Are Today's Laptop GPUs?",True,1203.0,207832.0
ULNR__vpCMo,"Watch this before buying Laptop for College 🔥 | Best Laptop between Rs 30,000 - Rs 1lac",True,3341.0,1292484.0
dTFnq_wJiZw,Perfect Gaming Laptop For 1080p High Gaming !! HP Omen 15 !! 8 Games Benchmarked !! [HINDI],False,,
d3FGcit43-o,The Best Budget Laptops for 2020,True,236.0,260107.0
eFV2RpM8Sbs,Best laptop under 35000 july 2020 | Best laptops for video editing and coding under 35000 in india,True,56.0,26089.0
33x46RxbYhA,Mac VS Windows for College | Best Laptops for students in India | BITS Pilani Laptop Experience,True,1068.0,217198.0
3yrP7klBO1I,Best LAPTOP Under 40000 in INDIA 2020 - Most Powerful LAPTOP Under 40000 For Students (2020) 🔥🔥🔥,True,656.0,109279.0
Iw_dbGdkkSw,Best Laptop Under 15000 | Top Best Laptops For Students (2021),True,303.0,369411.0
RdqoaSuUcFo,Best Laptops under 45000 in India in 2020 | Laptops under 45000 in 2020 | best laptop under 45000,True,244.0,27874.0
fidTuLfFsq8,Mother of All Gaming Laptops... 🔥🔥🤯,True,2308.0,2742605.0
aK9ZmRaROoc,"Laptop at 999/-Rs | Laptop warehouse in Delhi | Macbook, Dell, HP, Lenevo Laptop sale JNJ",True,1535.0,753281.0
-lCQMFC2D5Q,5 Reasons NOW is a Great Time to Buy a Laptop! | The Tech Chap,True,945.0,430868.0
1jgHbGBb_Cc,"Best Laptops under 50000 in India | For Students, Gaming, Office, Video Editing",True,156.0,30554.0
c96uKMSz5HQ,Acer Swift 5 Review Ultra Light Laptop at 940 grams My New Laptop,True,1398.0,394074.0
UuJS5QJpxmA,Best Non Chinese Laptops Under 40000 Rupees ⚡⚡⚡ | Best Laptop Under 40000 Rupees in India in 2020⚡⚡,False,,
j5TMxX3wssk,Top 5 Laptops Under 40000 | Editing | Gaming | Business | Students | Latest 2020 | Hindi/Urdu,True,573.0,221883.0
HBT412342uw,Restoration a destroyed 20-year-old LENOVO laptop | Rebuild and restore LENOVO laptops,True,11177.0,10878689.0
Y8Tko2YC5hA,What is Python? Why Python is So Popular?,True,933.0,2330044.0
y3qZFu3gmYE,Build A Machine Learning Web App Using Python,True,78.0,51032.0
XLnimroGCIg,Learn Java In Tamil | Beginner to Advance Complete guide | Tamil Hacks,True,3716.0,3869953.0
T936yTchDck,Python Tutorial | Python Course | Intellipaat,True,1778.0,5030486.0
9e_hOnOvJOE,Day 5 | Batch 6 | LetsUpgrade - Python Essentials,True,11.0,4971.0
4F2m91eKmts,Python Tutorial for Beginners - Full Course in 11 Hours [2020],True,4497.0,2469659.0
piTMNBINGKA,Experiment: coca cola Vs Mentos Vs Python Snake In Underground Hole,False,,
HIj8wU_rGIU,How to Start Coding | Programming for Beginners | Learn Coding | Intellipaat,True,9758.0,11561830.0
WGJJIrtnfpk,Python Full Course - 12 Hours | Python For Beginners - Full Course | Python Tutorial | Edureka,True,1256.0,6919977.0
pJ3IPRqiD2M,Python Course | Python Tutorial for Beginners | Intellipaat,True,4507.0,4349777.0
J0Aq44Pze-w,"The Story of Python, by Its Creator, Guido van Rossum",True,359.0,318750.0
k9TUPpGqYTo,Python Tutorial for Beginners 2: Strings - Working with Textual Data,True,1359.0,2133217.0
76vTbQ5Wf-A,20 FOOT PYTHON SNAKE STRIKE at Prehistoric Pets,True,343.0,1023049.0
YYXdXT2l-Gg,Python Tutorial for Beginners 1: Install and Setup for Mac and Windows,True,1490.0,4284547.0
Eijmv78piU4,Day 3 | Batch 6 | LetsUpgrade - Python Essentials,True,14.0,6215.0
XGf2GcyHPhc,Learn Python by Building Five Games - Full Course,True,3021.0,3183411.0
kLZuut1fYzQ,What Can You Do with Python? - The 3 Main Applications,True,2232.0,3680513.0
PAPG8NI0iUI,Multi-tier Farm & Adventure! | Minecraft Survival Let's Play,True,733.0,95316.0
A32HF0SsEzI,H¥DRA PYTHON 🔴 PUBG MOBILE LIVE : HYDRA ELITE FINAL DAY!! || !loco TO FOLLOW,True,0.0,13970.0
t5Nmi9KDonw,Python in Tamil | Python Tutorial for Beginners in Tamil | Full Course,True,332.0,464055.0
m_0UMFNOTTA,Why You Should Learn Python ? | Importance of Python Programming Language in Hacking,True,4169.0,744957.0
SPOWikw5N78,H¥DRA PYTHON 🔴 PUBG MOBILE LIVE : MERA NET KABHI NHI HAGTA xD|| !loco TO FOLLOW,True,0.0,8715.0
Ne4awwvc988,Live | Python Webinar | Python Programming for Beginners - Python Tutorial | Day 6 (15/7/20-21/7/20),True,0.0,7703.0
wMBDuxHahdE,H¥DRA PYTHON 🔴 PUBG MOBILE LIVE : MERA NET KABHI NHI HAGTA xD|| !loco TO FOLLOW,True,0.0,8988.0
417ANPkqMug,African Rock Python tries to Enter Home--Eats Rabbit Instead (Time Lapse X5),True,6449.0,11512287.0
iE7BpqtfgYA,"Python is too aggressive - Big Cat Can't Escape of Giant Anaconda, Python vs Lion, Leopard, Monkey",False,,
aHaOIvR00So,Tableau Full Course - Learn Tableau in 6 Hours | Tableau Training for Beginners | Edureka,True,2296.0,3788670.0
8DvywoWv6fI,Python for Everybody - Full University Python Course,True,5125.0,7797123.0
cRELNmDpaks,Replace Excel Vlookup with Python - Five Minute Python Scripts,True,217.0,233146.0
iSQH-yZCQ9E,Python for Juniors - MUST WATCH for School kids for exploring coding - Lesson 1,True,113.0,26818.0
ihk_Xglr164,Python Tutorial In Hindi 🔥,True,8964.0,2207202.0
3dy_PYF9xOI,What is Python With Full Information? – [Hindi] – Quick Support,True,1456.0,2230745.0
4pFVZP9Yh3s,ANGRY RETICULATED PYTHON with EGGs at Prehistoric Pets!,True,608.0,1720585.0
WViqKHq96mw,7 Biggest Snakes Ever Found,True,11093.0,62551107.0
_tLHRCTagZE,Anaconda 3: Offspring (2008) Clip - Attack From The Anaconda,True,51.0,913598.0
pA40VH8SoqM,Anaconda Snake in Real Life,True,1078.0,62454057.0
APF04UhQEoE,"Khaufnaak Anaconda Full Hindi Dubbed Movie | Stephen Baldwin, Jayne Heitmeyer",False,,
kj25OQ20GFI,"Amazing ! Anaconda attack Car, Humans on Road , What results",True,15.0,109045.0
M91TUimxJnc,Anacondas: Trail of Blood (2009) - Jeep vs. Anaconda Scene (3/10) | Movieclips,True,1151.0,35026103.0
rMcXfgVBhkY,Anaconda Snake in Real Life Video,True,310.0,6086214.0
yXzPLOVrvcM,crazy ANACONDA stops the train and escapes in indian train Simulator ?,False,,
_zNfsL0R9CU,Anaconda Snake 2 in Real Life HD Video,True,2767.0,96188161.0
2m3X9NtLVzg,Speckles The Tarbosaurus (Dinosaur V/s Dinosaur)- English Full Movies Dubbed In Hindi - Action Film,True,0.0,124406024.0
TCNWp9rjDsQ,क्या होगा अगर आपको एक एनाकोंडा निगल जाए? | What if an Anaconda swallows you?,True,283.0,2427075.0
qyZTQUNgv4Q,AMAZING !! GIANT ANACONDA CLIMBING COCONUT TREES,False,,
DgQcrUZNuxg,Anaconda Grabs and Swallows Pig in Outside Enclosure,True,1413.0,13776515.0
fEZ1S7RwD6k,Anaconda 3 || New Tamil Dubbed || Tamil Dubbed Hollywood Full Movies,False,,
ZW5gp0IKag4,Aanakonda vs kingkong hollywood adventure movies in hindi dubbed full action hd movie in hindi 2018,False,,
sF9doyJbFLk,"गाएँ , बकरी को एक बार में ही निगल सकतें हैं ये सांप 5 Biggest Snakes in the World",False,,
59P4JmAexnc,Final Showdown With Anaconda | Anaconda | CineClips,True,2381.0,34200321.0
x8Z0PcwOI_c,Primitive Cat's Mother Save & Protect Her Baby From Anaconda Attack – Anaconda VS Family Cat Home,False,,
Rm-x4maMAks,What If a 30-Foot Anaconda Swallowed You Whole?,True,4248.0,5875758.0
SUKDey0-7bs,VIDEOBUSTER.de zeigt PIRANHACONDA - Anaconda und Piranha! deutscher Trailer HD zur DVD & Blu-ray,False,,
mVPoHpazkVM,Giant Snake🐍 | anaconda full movie | latest anaconda movie clips 2020 | Giant Snake video sence,False,,
Q7bzLQlXBj4,Anaconda 1 full movie,False,,
Snz0VAwJXY4,2020 New Released Full Hindi Dubbed Movie | Hollywood Movies in Hindi Dubbed 2020 #Naga,False,,
lX9SDbhnYYU,Anacondas 2 (2004) - Bloodsucking Leeches Scene (2/10) | Movieclips,True,5206.0,163076520.0
Sd6KIQrJ_xk,Anaconda Full movie in Hindi HD - KRDS TECH,False,,
wra5-39LDcI,Snakes eat people compilation (Anaconda film pentology),True,0.0,3512167.0
UDxyybahXlc,Traffic halts as Giant Anaconda Crosses Road in Brazil; Video Goes Viral || GoViral,True,7953.0,97125875.0
qK-ZIGcFr6k,Anaconda,False,,
TKybm_hdKTA,Anacondas 2 (2004) - Snake on Board Scene (3/10) | Movieclips,True,647.0,25373895.0
Az3URMqIGtY,Amazing Two Brave Boys Catch Big Snake On The Road While Driving Car,False,,
tJ4hzj-iX38,Giant Anaconda   World's longest snake found in Amazon River,True,433.0,11814057.0
X9llqhaclPw,Anaconda Hollywood Movie dubbed in hindi Full action and adventure 2020 movies,False,,
ItGtzbLud8w,Anaconda Attacked on Nicholas Gonzalez | Best Action Horror Scene | Anacondas: Blood Orchid,False,,
gP0xoRrf8i0,Anaconda Devours Huge Meal | Monster Snakes,True,5058.0,15025096.0
JWqaTJbxbW0,Anaconda (8/8) Movie CLIP - Swallowed Whole (1997) HD,True,2199.0,30567061.0
MWa3acAMddA,Boa (Anaconda) Full Length Movie | Superhit Telugu Dubbing Movie | AR Entertainment,False,,
LDZX4ooRsWs,Nicki Minaj - Anaconda,True,784933.0,1190225803.0
qgXY51Cx6iI,GIANT ANACONDA!...Meet Anaconda Named Medusa,True,16153.0,10566225.0
afSsw6WSwls,ANACONDA 1997 Movie Scenes Anaconda Clips,False,,
iLDtdo4weKw,Big Cat Powerful Become Prey Of The Giant Anaconda - Wild Animal Attacks,False,,
vzabDtXvsUI,Anaconda 2 - A Caçada pela Orquídea Sangrenta Filme Completo HD (Dublado),False,,
XcxwOVNyfFY,"OMG! Giant Python Hunt Leopard Cubs When Mother Leopard Hunting Impala, Anaconda vs Crocodile",True,9094.0,150983211.0
CGres9g0DTE,Ice Cube's Encounter With Anaconda | Anaconda | CineStream,True,1130.0,28021569.0
cNa3ZxKt0WA,Angry Royal Bengal Tiger Attacks Safari Bus In Bangladesh | A Full Day tour Bangabandhu Safari Park,False,,
lYn39NnSbGU,Top 5 Tiger Moments | BBC Earth,True,353.0,1193584.0
a-VCL7U_JEA,Monkeys Sound Alarm To Save Deer From A Tiger | Life | BBC Earth,True,532.0,1294885.0
pKSPj-_WLtE,"Buffalo vs Lion vs Giraffe - Big Battle of Snake, Leopard, Crocodile,Tiger vs the prey | Wild animal",False,,
7nQhWhI89kQ,Most Funny and Cute Baby Tiger and Lion Videos,False,,
2bnTz--tfpQ,Lion VS Tiger - Tiger VS Lion - Aspin,True,13345.0,75664535.0
8c_4nn447Fo,TIGER ABHI ZINDA HAI 🐅 🐯,True,1010.0,372707.0
n2dcP5ucfeU,"Children CARTOONS 2019 HD - Scary Animal Bandits - Snake, Tiger, Shark, Lion, Dinosaur Kids Videos",True,0.0,5375593.0
EfAiS0VX-Es,18 Best Hindi Moral Stories for Kids collection | Infobells,True,0.0,68848328.0
FK3dav4bA4s,Tigers 101 | National Geographic,True,3082.0,7414256.0
8v6BWMvEoBo,The Thankful Tiger Hindi Kahaniya | Hindi Stories for Kids | Infobells,True,0.0,16588524.0
_UbDeqPdUek,Cubs Meet Adult Tiger for the First Time | Tigers About The House | BBC Earth,True,17286.0,99978575.0
RXHKxmgBd7s,Punyakoti Telugu Story | Honest Cow and the Tiger Stories for Kids | Infobells,True,0.0,273743525.0
xmU0s2QtaEY,"Swag Se Swagat Song | Tiger Zinda Hai | Salman Khan, Katrina Kaif | Vishal - Shekhar, Neha B, Irshad",True,223392.0,997257448.0
rMs06PfdJlU,Lion VS Tiger -  Who will win in a fight ?,True,11719.0,9652141.0
xeqJU7PLseg,"Baaghi 3: BHANKAS | Tiger S, Shraddha K | Bappi Lahiri,Dev Negi,Jonita Gandhi | Tanishk Bagchi",True,20655.0,161734693.0
SAcpESN_Fk4,"Dil Diyan Gallan Song | Tiger Zinda Hai | Salman Khan, Katrina Kaif | Atif Aslam | Vishal & Shekhar",True,163106.0,851033471.0
-Xw21JYIXjM,Mohan Lal Powerpacked Tiger Action Scene | Telugu Action Scenes | 70MM Movies,False,,
eqxTdSybKww,Vlad and Mama at sleeping tiger farm,True,0.0,89827305.0
A5pSnIwbpaM,"Saiyaara Full Song | Ek Tha Tiger | Salman Khan, Katrina Kaif | Mohit Chauhan, Tarannum, Sohail Sen",True,89081.0,925623059.0
1UpAV2byuGg,TIGER HILL | HOW TO WITHDRAW + ACTIVATE FREE |FIRST TIME  FULLY EXPLAINED | FULL VIDEO 🤩 #tigerhill,True,42.0,1197.0
uFcZhH_wFbs,Lions Roaring Compilation,True,9808.0,46763595.0
xwidefc2wpc,Living With Tigers: Family Share Home With Pet Tigers,True,30877.0,76924013.0
6xeChrdyxJE,"Maasthi Gudi - Tiger Attack In Village | Duniya Vijay, Amulya, Kriti Kharbanda | Fight Scene",True,2380.0,98595322.0
kXmqwRj0o4E,Mother Tiger Learns to Care for Cubs | David Attenborough | Tiger Spy in the Jungle | BBC Earth,True,1199.0,8389840.0
xIgBDHXrfNg,Baaghi 3 Full Movie Tiger Shroff And Shraddha Kapoor | Bollywood Movies,False,,
mDKLfCCoqvw,बाघ के साथ लुकाछिपी Tiger Hide & Seek Comedy Video हिंदी कहानिय Hindi Kahaniya Stories Comedy Video,True,124.0,386277.0
atTF_LtPUes,Big Male Lion Makes Epic Entrance | The Virtual Safari Highlights,True,164.0,260553.0
TeCkm-BEZ-8,Adorable Lion Cubs Frolic as their Parents Look On,True,5749.0,15963781.0
D1KaD1u0z34,Adorable Lion Moments | Top 5 | BBC Earth,True,145.0,213010.0
bOx--_Qphs0,Week 6 Day 1 | LEC Summer Split (2020),True,5.0,480794.0
5YU4lLxi0go,The Man Who Cuddles Lions | BEAST BUDDIES,True,4208.0,13675684.0
sBtYhhsFGwg,They Let a Dog in a Lion's Cage. What Happened Then Shocked Everyone,True,3243.0,7982778.0
jenVMnOi2uA,Part of the Lion Pride - Dean Schneider living with lions,True,65554.0,66482597.0
c8i0hjegneY,Largest Lion Pride Ever Blocking Road In Kruger Park,True,35889.0,399740784.0
68JOgtt15Zs,शेर और चूहा | Lion and Mouse in Hindi | @HindiFairyTales,True,1487.0,370804108.0
hwC3gIbfcWs,Lion Family | Healthy Habits & Good Habits. Want to Be a Good Kid | Cartoon for Kids,False,,
kOJrmrSevKM,▶︎NEW‼️The Mysterious Lives of Lion Prides [National Geographic Documentary 2020 HD 1080P],False,,
10ZTTyTziYw,▶︎Tales From Wild African Animals: Pride of Lions [National Geographic Documentary 2020] (ENG SUB),False,,
Tx4wYi2S0Go,No No Don't Open the Wrong Door #5 🚪 Lion Family Cartoon for Kids,False,,
yoecv7Noq1A,10 Most Unique Lions in the World!,False,,
h0CC8PwxsXw,Lions in 4K 10 bit color - African Wild Animals - 5 HRS,True,346.0,2043489.0
DXUAyRRkI6k,Funny Cats and Kittens Meowing Compilation,False,,
9Ciyd4AggzI,Lion King: 23-Year-Old Is Best Friends With Big Cats | BEAST BUDDIES,True,4524.0,9471020.0
IkvIKjzF7YE,Lion Family 💎 Color Gems & Color Ice Cream #2 | Cartoon for Kids,False,,
cp2GLUrQ2lc,▶︎NEW‼️The Nsefu Lion Pride: Comes of Age | Africa Wildlife Lion Documentary 2020 FULL HD (ENG SUB),False,,
B1QZLyQh-Ss,Too Brave! Powerful Hero Buffalo Come To Rescue Poor Zebra Escape Lions,False,,
7al0I1w1LcQ,Meet The Characters: Geena’s Spotted Hyena Clan | The Lion Whisperer,True,2978.0,2658886.0
-olqqcTBbAI,Male Lions Attacking Another Lion Get Interrupted by Elephants & Hippos,True,1291.0,2169649.0
4BPhSCEeymc,Mystery Boxes - Detective Lion Plays Hide and Seek With Lost Toys | Lion Family | Cartoon for Kids,False,,
sPyAQQklc1s,Lions 360° | National Geographic,True,5141.0,51972059.0
GibiNy4d4gc,"Carmen Twillie, Lebo M. - Circle of Life (From ""The Lion King"")",True,0.0,612568108.0
a5V6gdu5ih8,Lion Trapped by Clan of Hyenas | Dynasties | BBC Earth,True,52061.0,108726140.0
dJU9ZkPorDE,WHEN LIONS ATTACK *BRUTAL* National Geographic Documentary 2020 | 1080p,True,670.0,2525717.0
lQHwkN_VQQM,Extraordinary Lion Hunt Filmed | Attenborough 60 Years In The Wild | BBC Earth,True,1070.0,3221345.0
Y-UGS6op5xo,▶︎NEW‼️Rise of Luangwa Lion Pride | Africa Wildlife Lion Documentary 2020 FULL HD 1080P (ENG SUB),False,,
OMkEVX23BdM,Lions 101 | Nat Geo Wild,True,1328.0,4963551.0
ODhSu5t9080,The Lion Guard Full Episodes - Lions of the Outlands,True,874.0,2684749.0
Z8hI5uqpy_w,Best Lion Moments: Part 1 | Top 5 | BBC Earth,True,1180.0,3501655.0
xOleukLZJ5g,▶︎NEW‼️Young Lion Cubs: Future Of The Pride | Africa Wildlife Lion Documentary 2020 HD (ENG SUB),False,,
HoRkntoHkIE,Phillip Phillips - Home,True,37495.0,99958656.0
nmhQhByH1nY,Cute Beautiful House Design | House Interior | Home | Modern house for sale 5.38cent 2450sqft 4bhk,True,881.0,6376548.0
_8WPqqzMoX0,Diana and the Children's Story about viruses / Kids Stay at Home,True,0.0,300683564.0
v2AT7oSGZbQ,BTS (방탄소년단) - HOME (Color Coded Lyrics Eng/Rom/Han/가사),True,27127.0,74628129.0
LzPPAw5tnqs,Edward Sharpe & The Magnetic Zeros - Home with Lyrics,True,4668.0,14506416.0
Y5SBhyk-1cA,Why Your Phone Needs This Tiny Dot + Other Things You Don't Know the Purpose Of,True,384.0,209690.0
88iKZQ7D6Mo,Build Swimming Pool On home  Underground,True,9801.0,70591143.0
q-SdZe-cEFk,PANDA HOME TOUR!,True,10452.0,2583497.0
dcHWmDQYzyU,23 CRAZY HACKS YOU NEED TO KNOW,True,2407.0,6575812.0
lbSOLBMUvIE,Michael Bublé - Home [Official Music Video],True,31644.0,213593451.0
ZmF8_g5H8fg,Diana dan Roma - Petualangan dengan Mainan | Bahasa Indonesia,True,0.0,391803566.0
Vr2FLgmWCJA,David Guetta | United at Home - Fundraising Live from Miami,True,8204.0,12217871.0
